Task ID,Task Name,Section,Priority,Effort (hours),Dependencies,Assignee,Due Date,Status,Description
AUDIT-001,Install PHP CodeSniffer,Static Analysis,Critical,1,,Developer,2024-01-15,Not Started,Install and configure PHP CodeSniffer with WordPress standards
AUDIT-002,Run PHPCS Analysis,Static Analysis,Critical,2,AUDIT-001,Developer,2024-01-15,Not Started,Run PHPCS analysis and fix all violations
AUDIT-003,Install PHPStan,Static Analysis,Critical,1,,Developer,2024-01-16,Not Started,Install PHPStan for static analysis
AUDIT-004,Run PHPStan Analysis,Static Analysis,Critical,3,AUDIT-003,Developer,2024-01-16,Not Started,Run PHPStan level 8 analysis and fix errors
AUDIT-005,Install PHPMD,Static Analysis,High,1,,Developer,2024-01-17,Not Started,Install PHP Mess Detector
AUDIT-006,Run PHPMD Analysis,Static Analysis,High,2,AUDIT-005,Developer,2024-01-17,Not Started,Run PHPMD and resolve warnings
AUDIT-007,Install Security Checker,Dependencies,Critical,1,,Developer,2024-01-18,Not Started,Install Composer security checker
AUDIT-008,Run Security Scan,Dependencies,Critical,2,AUDIT-007,Developer,2024-01-18,Not Started,Check for known vulnerabilities in dependencies
AUDIT-009,Update Vulnerable Dependencies,Dependencies,Critical,4,AUDIT-008,Developer,2024-01-19,Not Started,Update any dependencies with known vulnerabilities
AUDIT-010,Install PHPUnit,Testing,Critical,1,,Developer,2024-01-20,Not Started,Install PHPUnit for unit testing
AUDIT-011,Write Unit Tests,Testing,Critical,16,AUDIT-010,Developer,2024-01-25,Not Started,Write comprehensive unit tests for all classes
AUDIT-012,Run Unit Tests,Testing,Critical,2,AUDIT-011,Developer,2024-01-25,Not Started,Run unit tests and ensure 90%+ coverage
AUDIT-013,Install Codeception,Testing,High,1,,Developer,2024-01-26,Not Started,Install Codeception for integration tests
AUDIT-014,Write Integration Tests,Testing,High,12,AUDIT-013,Developer,2024-01-30,Not Started,Write integration tests for critical user flows
AUDIT-015,Install OWASP ZAP,Security Testing,Critical,2,,Security Team,2024-01-31,Not Started,Install OWASP ZAP for security testing
AUDIT-016,Run ZAP Baseline Scan,Security Testing,Critical,4,AUDIT-015,Security Team,2024-01-31,Not Started,Run ZAP baseline security scan
AUDIT-017,Install WPScan,Security Testing,Critical,1,,Security Team,2024-02-01,Not Started,Install WPScan for WordPress security
AUDIT-018,Run WPScan Analysis,Security Testing,Critical,3,AUDIT-017,Security Team,2024-02-01,Not Started,Run WPScan enumeration and vulnerability scan
AUDIT-019,Manual Security Review,Security Testing,Critical,8,,Security Team,2024-02-05,Not Started,Manual security review of all code
AUDIT-020,Generate PHPDoc Documentation,Documentation,High,4,,Developer,2024-02-06,Not Started,Generate comprehensive API documentation
AUDIT-021,Review Code Comments,Documentation,High,6,,Developer,2024-02-07,Not Started,Review and update all code comments
AUDIT-022,Create API Documentation,Documentation,High,8,,Developer,2024-02-08,Not Started,Create detailed API documentation
AUDIT-023,Install Apache Bench,Performance Testing,High,1,,DevOps,2024-02-09,Not Started,Install Apache Bench for load testing
AUDIT-024,Run Load Tests,Performance Testing,Critical,6,AUDIT-023,DevOps,2024-02-09,Not Started,Run load testing with 1000 requests
AUDIT-025,Install Siege,Performance Testing,High,1,,DevOps,2024-02-10,Not Started,Install Siege for stress testing
AUDIT-026,Run Stress Tests,Performance Testing,Critical,4,AUDIT-025,DevOps,2024-02-10,Not Started,Run stress testing with 50 concurrent users
AUDIT-027,Database Query Optimization,Performance Testing,Critical,8,,Developer,2024-02-12,Not Started,Optimize all database queries
AUDIT-028,Implement Caching,Performance Testing,Critical,12,,Developer,2024-02-15,Not Started,Implement object caching (Redis/Memcached)
AUDIT-029,Configure CDN,Performance Testing,High,4,,DevOps,2024-02-16,Not Started,Configure CDN for static assets
AUDIT-030,Create GitHub Actions Workflow,CI/CD,Critical,6,,DevOps,2024-02-17,Not Started,Create automated CI/CD pipeline
AUDIT-031,Test CI/CD Pipeline,CI/CD,Critical,4,AUDIT-030,DevOps,2024-02-18,Not Started,Test the automated deployment pipeline
AUDIT-032,Database Optimization,Database,Critical,2,,Developer,2024-02-19,Not Started,Optimize database tables and indexes
AUDIT-033,Create Backup Script,Database,Critical,4,,DevOps,2024-02-20,Not Started,Create automated database backup script
AUDIT-034,Test Backup Restoration,Database,Critical,3,AUDIT-033,DevOps,2024-02-21,Not Started,Test backup restoration process
AUDIT-035,Configure Error Logging,Monitoring,Critical,3,,DevOps,2024-02-22,Not Started,Configure WordPress error logging
AUDIT-036,Install Query Monitor,Monitoring,High,1,,Developer,2024-02-23,Not Started,Install and configure Query Monitor
AUDIT-037,Set Up Performance Monitoring,Monitoring,Critical,6,,DevOps,2024-02-24,Not Started,Set up New Relic or similar APM
AUDIT-038,Configure Alert Rules,Monitoring,Critical,4,,DevOps,2024-02-25,Not Started,Configure monitoring alert rules
AUDIT-039,Create Rollback Script,Incident Response,Critical,4,,DevOps,2024-02-26,Not Started,Create automated rollback procedure
AUDIT-040,Test Rollback Procedure,Incident Response,Critical,3,AUDIT-039,DevOps,2024-02-27,Not Started,Test rollback procedure
AUDIT-041,Create Security Scan Script,Security Automation,Critical,6,,Security Team,2024-02-28,Not Started,Create automated security scanning script
AUDIT-042,Schedule Security Scans,Security Automation,Critical,2,AUDIT-041,Security Team,2024-02-29,Not Started,Schedule daily automated security scans
AUDIT-043,Create Backup Automation,Backup Automation,Critical,8,,DevOps,2024-03-01,Not Started,Create automated backup system with encryption
AUDIT-044,Test Backup System,Backup Automation,Critical,4,AUDIT-043,DevOps,2024-03-02,Not Started,Test automated backup system
AUDIT-045,Configure Cloud Storage,Backup Automation,High,3,,DevOps,2024-03-03,Not Started,Configure cloud storage for backups
AUDIT-046,Create Monitoring Config,Monitoring Config,Critical,4,,DevOps,2024-03-04,Not Started,Create monitoring configuration with SLA rules
AUDIT-047,Set Up Escalation Procedures,Monitoring Config,High,3,,DevOps,2024-03-05,Not Started,Set up incident escalation procedures
AUDIT-048,Final Security Review,Final Verification,Critical,8,,Security Team,2024-03-06,Not Started,Final comprehensive security review
AUDIT-049,Performance Benchmark Testing,Final Verification,Critical,6,,DevOps,2024-03-07,Not Started,Final performance benchmark testing
AUDIT-050,Documentation Review,Final Verification,High,4,,Developer,2024-03-08,Not Started,Final review of all documentation
AUDIT-051,Stakeholder Approval,Final Verification,Critical,2,,Project Manager,2024-03-09,Not Started,Obtain stakeholder approval for deployment
AUDIT-052,Production Deployment,Deployment,Critical,4,,DevOps,2024-03-10,Not Started,Execute production deployment
AUDIT-053,Post-Deployment Monitoring,Deployment,Critical,24,,DevOps,2024-03-11,Not Started,24/7 monitoring for first week post-deployment
AUDIT-054,Performance Review,Post-Deployment,High,4,,DevOps,2024-03-18,Not Started,Daily performance reviews for first week
AUDIT-055,Security Assessment,Post-Deployment,High,6,,Security Team,2024-03-25,Not Started,Weekly security assessment
AUDIT-056,Backup Verification,Post-Deployment,High,2,,DevOps,2024-04-01,Not Started,Monthly backup verification
AUDIT-057,Penetration Testing,Post-Deployment,Critical,16,,Security Team,2024-04-01,Not Started,Quarterly penetration testing 